{"tanks":{"sdsa":{"health":100,"wild":0,"xPos":755.8734990000147,"name":"sdsa","death":0,"yPos":420.68116121421576,"xTar":0,"yTar":0}},"bars":{"12":{"health":368,"wild":0,"xPos":256.6644328159918,"name":"12","death":0,"yPos":595.7522603741236,"xTar":42.836554506735325,"yTar":47.28337719844594},"8":{"health":806,"wild":0,"xPos":656.1885484875654,"name":"8","death":0,"yPos":608.8491360318336,"xTar":67.46427537719444,"yTar":51.33575435569573},"19":{"health":191,"wild":0,"xPos":787.2387931093479,"name":"19","death":0,"yPos":563.3268672926974,"xTar":23.15593389440847,"yTar":64.31558575799885},"4":{"health":372,"wild":0,"xPos":715.2409589688369,"name":"4","death":0,"yPos":629.9680559629493,"xTar":33.84740788066939,"yTar":66.82922936177094},"15":{"health":898,"wild":0,"xPos":22.797741603514776,"name":"15","death":0,"yPos":327.2815337320798,"xTar":61.40342573098049,"yTar":64.3054384568631},"11":{"health":62,"wild":0,"xPos":524.1432517624677,"name":"11","death":0,"yPos":608.7981752300401,"xTar":54.22987657158263,"yTar":21.192898738649728},"9":{"health":970,"wild":0,"xPos":292.5897607553978,"name":"9","death":0,"yPos":716.8276681488792,"xTar":27.564985052809313,"yTar":55.85744211325612},"13":{"health":199,"wild":0,"xPos":765.7838005474739,"name":"13","death":0,"yPos":363.1280367343837,"xTar":44.12100141471879,"yTar":53.01436629400277},"16":{"health":948,"wild":0,"xPos":295.76196798744706,"name":"16","death":0,"yPos":549.5159817894564,"xTar":21.201080427897082,"yTar":55.52559524883591},"5":{"health":229,"wild":0,"xPos":158.29408780701354,"name":"5","death":0,"yPos":318.5425295274691,"xTar":30.923617334213,"yTar":28.180347340692315},"10":{"health":348,"wild":0,"xPos":328.19232401783023,"name":"10","death":0,"yPos":557.8905325037167,"xTar":59.434854651423976,"yTar":47.26220630507082},"6":{"health":713,"wild":0,"xPos":178.7150303611412,"name":"6","death":0,"yPos":424.1621388644398,"xTar":45.91959220179787,"yTar":29.98478612707363},"1":{"health":837,"wild":0,"xPos":63.10866228296091,"name":"1","death":0,"yPos":557.9714695581521,"xTar":58.728256740252604,"yTar":41.36712290610909},"17":{"health":579,"wild":0,"xPos":55.377308197789255,"name":"17","death":0,"yPos":672.9235643827806,"xTar":63.65968004847676,"yTar":50.59575965646606},"14":{"health":92,"wild":0,"xPos":473.2560508122303,"name":"14","death":0,"yPos":532.0994075976986,"xTar":67.16058331433992,"yTar":21.048942236252138},"0":{"health":501,"wild":0,"xPos":382.2459896704173,"name":"0","death":0,"yPos":334.941452244417,"xTar":30.64096975203026,"yTar":54.699435710351906},"2":{"health":177,"wild":0,"xPos":306.4623066087694,"name":"2","death":0,"yPos":621.5400822848361,"xTar":29.29483499915949,"yTar":56.83221616196411},"18":{"health":160,"wild":0,"xPos":72.67639539850875,"name":"18","death":0,"yPos":44.349580007527045,"xTar":61.25488463911586,"yTar":57.378947989532044},"7":{"health":554,"wild":0,"xPos":440.2497290671717,"name":"7","death":0,"yPos":749.6706920884317,"xTar":51.995368292327626,"yTar":39.91122257499964},"3":{"health":698,"wild":0,"xPos":135.69519647279088,"name":"3","death":0,"yPos":675.3874597887723,"xTar":26.668145349220318,"yTar":61.14519865922405}},"bulls":{"sdsa":{"health":0,"wild":0,"xPos":1301.9911566462185,"name":"sdsa","death":22,"yPos":724.6227740398151,"xTar":0,"wild2":-1,"yTar":0}}}