{"tanks":{},"bars":{"8":{"health":854,"wild":0,"xPos":762.6054442751486,"name":"8","death":0,"yPos":266.3505448465072,"xTar":67.33080141302015,"yTar":35.95123675498546},"4":{"health":67,"wild":0,"xPos":615.4254867198212,"name":"4","death":0,"yPos":720.0682621847643,"xTar":36.678913337663104,"yTar":33.216871448809954},"11":{"health":440,"wild":0,"xPos":621.0747533521924,"name":"11","death":0,"yPos":650.5534696601713,"xTar":20.99299867214745,"yTar":67.66054742505892},"9":{"health":594,"wild":0,"xPos":24.009346315671998,"name":"9","death":0,"yPos":267.7792533614217,"xTar":40.29567637772508,"yTar":68.95628395465954},"5":{"health":750,"wild":0,"xPos":91.83300157455365,"name":"5","death":0,"yPos":273.9568249964465,"xTar":65.07134793664139,"yTar":61.68922916730885},"10":{"health":728,"wild":0,"xPos":314.6520749335154,"name":"10","death":0,"yPos":660.3085030888551,"xTar":31.863126119205866,"yTar":41.686887275251635},"6":{"health":423,"wild":0,"xPos":97.69449302769485,"name":"6","death":0,"yPos":143.83864827026346,"xTar":27.883947912304762,"yTar":51.04918247676198},"1":{"health":704,"wild":0,"xPos":157.9231132639804,"name":"1","death":0,"yPos":298.39183680723886,"xTar":28.304736942385617,"yTar":61.371768830976144},"0":{"health":924,"wild":0,"xPos":590.2043236941369,"name":"0","death":0,"yPos":438.4182972020492,"xTar":59.82000295397094,"yTar":62.54299952326042},"2":{"health":583,"wild":0,"xPos":659.2960458373143,"name":"2","death":0,"yPos":319.33894394012424,"xTar":61.622031102580266,"yTar":62.40614100402487},"7":{"health":688,"wild":0,"xPos":424.52252106778997,"name":"7","death":0,"yPos":85.26051287807866,"xTar":41.75390522914409,"yTar":31.187804474583658},"3":{"health":898,"wild":0,"xPos":636.1806360306513,"name":"3","death":0,"yPos":426.2092553530711,"xTar":48.81924074055557,"yTar":24.872337522035142}},"bulls":{}}